"PHEC_result_ID","PHEC_information_types_ID","information_types"
"1","1","Official statistics"
"2","1","Official statistics"
"3","1","Official statistics"
"4","1","Official statistics"
"5","1","Official statistics"
"6","1","Official statistics"
"7","1","Official statistics"
"8","1","Official statistics"
"9","1","Official statistics"
"10","1","Official statistics"
"11","1","Official statistics"
"12","1","Official statistics"
"13","1","Official statistics"
"14","1","Official statistics"
"15","1","Official statistics"
"16","1","Official statistics"
"17","1","Official statistics"
"18","1","Official statistics"
"19","1","Official statistics"
"20","1","Official statistics"
"21","1","Official statistics"
"22","1","Official statistics"
"23","1","Official statistics"
"24","1","Official statistics"
"25","1","Official statistics"
"26","1","Official statistics"
"27","1","Official statistics"
"28","1","Official statistics"
"29","1","Official statistics"
"30","1","Official statistics"
"31","1","Official statistics"
"32","1","Official statistics"
"33","1","Official statistics"
"34","1","Official statistics"
"35","1","Official statistics"
"36","1","Official statistics"
"37","1","Official statistics"
"38","1","Official statistics"
"39","1","Official statistics"
"40","1","Official statistics"
"41","1","Official statistics"
"42","1","Official statistics"
"43","1","Official statistics"
"44","1","Official statistics"
"45","1","Official statistics"
"46","1","Survey|0/Official statistics"
"47","1","Official statistics"
"48","1","Survey|0/Official statistics"
"49","1","Survey|0/Official statistics"
"50","1","Official statistics"
"51","1","Survey|0/Official statistics"
"52","1","Official statistics"
"53","1","Official statistics"
"54","1","Survey|0/Official statistics"
"55","1","Official statistics"
"56","1","Official statistics"
"57","1","Survey|0/Official statistics"
"58","1","Official statistics"
"59","1","Official statistics"
"60","1","Survey|0/Official statistics"
"61","1","Official statistics"
"62","1","Official statistics"
"63","1","Survey|0/Official statistics"
"64","1","Official statistics"
"65","1","Official statistics"
"66","1","Survey|0/Official statistics"
"67","1","Official statistics"
"68","1","Official statistics"
"69","1","Official statistics"
"70","1","Official statistics"
"71","1","Survey|0/Official statistics"
"72","1","Official statistics"
"73","1","Survey|0/Official statistics"
"74","1","Survey|0/Official statistics"
"75","1","Survey|0/Official statistics"
"76","1","Official statistics"
"77","1","Survey|0/Official statistics"
"78","1","Official statistics"
"79","1","Official statistics"
"80","1","Survey|0/Official statistics"
"81","1","Survey|0/Official statistics"
"82","1","Official statistics"
"83","1","Survey|0/Official statistics"
"84","1","Official statistics"
"85","1","Official statistics"
"86","1","Survey|0/Official statistics"
"87","1","Official statistics"
"88","1","Official statistics"
"89","1","Official statistics"
"90","1","Official statistics"
"91","1","Official statistics"
"92","1","Official statistics"
"93","1","Official statistics"
"94","1","Official statistics"
"95","1","Official statistics"
"96","1","Official statistics"
"97","1","Official statistics"
"98","1","Official statistics"
"99","1","Official statistics"
"100","1","Official statistics"
"101","1","Official statistics"
"102","1","Official statistics"
"103","1","Official statistics"
"104","1","Official statistics"
"105","1","Official statistics"
"106","1","Official statistics"
"107","1","Official statistics"
"108","1","Official statistics"
"109","1","Official statistics"
"110","1","Official statistics"
"111","1","Official statistics"
"112","1","Official statistics"
"113","1","Official statistics"
"114","1","Survey|0/Official statistics"
"115","1","Official statistics"
"116","1","Official statistics"
"117","1","Survey|0/Official statistics"
"118","1","Official statistics"
"119","1","Official statistics"
"120","1","Survey|0/Official statistics"
"121","1","Official statistics"
"122","1","Official statistics"
"123","1","Official statistics"
"124","1","Official statistics"
"125","1","Official statistics"
"126","1","Official statistics"
"127","1","Survey|0/Official statistics"
"128","1","Official statistics"
"129","1","Official statistics"
"130","1","Official statistics"
"131","1","Survey|0/Official statistics"
"132","1","Official statistics"
"133","1","Official statistics"
"134","1","Official statistics"
"135","1","Official statistics"
"136","1","Official statistics"
"137","1","Official statistics"
"138","1","Official statistics"
"139","1","Official statistics"
"140","1","Official statistics"
"141","1","Official statistics"
"142","1","Official statistics"
"143","1","Official statistics"
"144","1","Official statistics"
"145","1","Official statistics"
"146","1","Official statistics"
"147","1","Official statistics"
"148","1","Official statistics"
"149","1","Official statistics"
"150","1","Official statistics"
"151","1","Official statistics"
"152","1","Official statistics"
"153","1","Official statistics"
"154","1","Official statistics"
"155","1","Survey|0/Official statistics"
"156","1","Survey|0/Official statistics"
"157","1","Official statistics"
"158","1","Official statistics"
"159","1","Official statistics"
"160","1","Official statistics"
"161","1","Official statistics"
"162","1","Official statistics"
"163","1","Official statistics"
"164","1","Official statistics"
"165","1","Official statistics"
"166","1","Official statistics"
"167","1","Official statistics"
"168","1","Official statistics"
"169","1","Official statistics"
"170","1","Official statistics"
"171","1","Official statistics"
"172","1","Official statistics"
"173","1","Official statistics"
"174","1","Official statistics"
"175","1","Official statistics"
"176","1","Official statistics"
"177","1","Official statistics"
"178","1","Official statistics"
"179","1","Official statistics"
"180","1","Official statistics"
"181","1","Official statistics"
"182","1","Official statistics"
"183","1","Official statistics"
"184","1","Official statistics"
"185","1","Official statistics"
"186","1","Official statistics"
"187","1","Official statistics"
"188","1","Official statistics"
"189","1","Official statistics"
"190","1","Official statistics"
"191","1","Survey|0/Official statistics"
"192","1","Official statistics"
"193","1","Official statistics"
"194","1","Official statistics"
"195","1","Official statistics"
"196","1","Survey|0/Official statistics"
"197","1","Official statistics"
"198","1","Official statistics"
"199","1","Official statistics"
"200","1","Official statistics"
"201","1","Official statistics"
"202","1","Survey|0/Official statistics"
"203","1","Official statistics"
"204","1","Official statistics"
"205","1","Official statistics"
"206","1","Official statistics"
"207","1","Official statistics"
"208","1","Official statistics"
"209","1","Official statistics"
"210","1","Official statistics"
"211","1","Official statistics"
"212","1","Official statistics"
"213","1","Official statistics"
"214","1","Survey|0/Official statistics"
"215","1","Official statistics"
"216","1","Survey|0/Official statistics"
"217","1","Survey|0/Official statistics"
"218","1","Official statistics"
"219","1","Official statistics"
"220","1","Survey|0/Official statistics"
"221","1","Official statistics"
"222","1","Official statistics"
"223","1","Survey|0/Official statistics"
"224","1","Official statistics"
"225","1","Official statistics"
"226","1","Survey|0/Official statistics"
"227","1","Official statistics"
"228","1","Survey|0/Official statistics"
"229","1","Official statistics"
"230","1","Official statistics"
"231","1","Survey|0/Official statistics"
"232","1","Official statistics"
"233","1","Official statistics"
"234","1","Survey|0/Official statistics"
"235","1","Survey|0/Official statistics"
"236","1","Official statistics"
"237","1","Official statistics"
"238","1","Official statistics"
"239","1","Official statistics"
"240","1","Official statistics"
"241","1","Official statistics"
"242","1","Official statistics"
"243","1","Official statistics"
"244","1","Official statistics"
"245","1","Official statistics"
"246","1","Official statistics"
"247","1","Official statistics"
"248","1","Official statistics"
"249","1","Official statistics"
"250","1","Official statistics"
"251","1","Official statistics"
"252","1","Official statistics"
"253","1","Official statistics"
"254","1","Official statistics"
"255","1","Official statistics"
"256","1","Official statistics"
"257","1","Official statistics"
"258","1","Official statistics"
"259","1","Official statistics"
"260","1","Official statistics"
"261","1","Official statistics"
"262","1","Official statistics"
"263","1","Official statistics"
"264","1","Official statistics"
"265","1","Official statistics"
"266","1","Official statistics"
"267","1","Official statistics"
"268","1","Official statistics"
"269","1","Official statistics"
"270","1","Official statistics"
"271","1","Official statistics"
"272","1","Official statistics"
"273","1","Official statistics"
"274","1","Official statistics"
"275","1","Official statistics"
"276","1","Official statistics"
"277","1","Official statistics"
"278","1","Official statistics"
"279","1","Official statistics"
"280","1","Official statistics"
"281","1","Official statistics"
"282","1","Official statistics"
"283","1","Official statistics"
"284","1","Official statistics"
"285","1","Official statistics"
"286","1","Official statistics"
"287","1","Official statistics"
"288","1","Official statistics"
"289","1","Official statistics"
"290","1","Official statistics"
"291","1",""
"292","1","Official statistics"
"293","1","Official statistics"
"294","1","Official statistics"
"295","1","Official statistics"
"296","1","Official statistics"
"297","1","Official statistics"
"298","1","Official statistics"
"299","1","Official statistics"
"300","1","Official statistics"
"301","1","Official statistics"
"302","1","Official statistics"
"303","1","Official statistics"
"304","1","Official statistics"
"305","1","Official statistics"
"306","1","Official statistics"
"307","1","Official statistics"
"308","1","Official statistics"
"309","1","Official statistics"
"310","1","Official statistics"
"311","1","Official statistics"
"312","1","Official statistics"
"313","1","Official statistics"
"314","1","Official statistics"
"315","1","Official statistics"
"316","1","Official statistics"
"317","1","Official statistics"
"318","1","Official statistics"
"319","1","Official statistics"
"320","1","Official statistics"
"321","1","Official statistics"
"322","1","Official statistics"
"323","1","Official statistics"
"324","1","Survey|0/Official statistics"
"325","1","Official statistics"
"326","1","Official statistics"
"327","1","Official statistics"
"328","1","Survey|0/Official statistics"
"329","1","Official statistics"
"330","1","Survey|0/Official statistics"
"331","1","Official statistics"
"332","1","Official statistics"
"333","1","Survey|0/Official statistics"
"334","1","Survey|0/Official statistics"
"335","1","Official statistics"
"336","1","Official statistics"
"337","1","Official statistics"
"338","1","Official statistics"
"339","1","Official statistics"
"340","1","Official statistics"
"341","1","Survey|0/Official statistics"
"342","1","Survey|0/Official statistics"
"343","1","Survey|0/Official statistics"
"344","1","Official statistics"
"345","1","Survey|0/Official statistics"
"346","1","Official statistics"
"347","1","Survey|0/Official statistics"
"348","1","Survey|0/Official statistics"
"349","1","Survey|0/Official statistics"
"350","1","Official statistics"
"351","1","Survey|0/Official statistics"
"352","1","Official statistics"
"353","1","Official statistics"
"354","1","Official statistics"
"355","1","Official statistics"
"356","1","Official statistics"
"357","1","Official statistics"
"358","1","Official statistics"
"359","1","Official statistics"
"360","1","Official statistics"
"361","1","Official statistics"
"362","1","Official statistics"
"363","1","Official statistics"
"364","1","Official statistics"
"365","1","Official statistics"
"366","1","Official statistics"
"367","1","Official statistics"
"368","1","Official statistics"
"369","1","Official statistics"
"370","1","Official statistics"
"371","1","Official statistics"
"372","1","Official statistics"
"373","1","Official statistics"
"374","1","Official statistics"
"375","1","Official statistics"
"376","1","Official statistics"
"377","1","Official statistics"
"378","1","Official statistics"
"379","1","Official statistics"
"380","1","Official statistics"
"381","1","Official statistics"
"382","1","Official statistics"
"383","1","Official statistics"
"384","1","Official statistics"
"385","1","Official statistics"
"386","1","Official statistics"
"387","1","Official statistics"
"388","1","Survey|0/Official statistics"
"389","1","Official statistics"
"390","1","Official statistics"
"391","1","Official statistics"
"392","1","Official statistics"
"393","1","Official statistics"
"394","1","Official statistics"
"395","1","Official statistics"
"396","1","Official statistics"
"397","1","Official statistics"
"398","1","Survey|0/Official statistics"
"399","1","Official statistics"
"400","1","Official statistics"
"401","1","Official statistics"
"402","1","Official statistics"
"403","1","Official statistics"
"404","1","Official statistics"
"405","1","Official statistics"
"406","1","Official statistics"
"407","1","Survey|0/Official statistics"
"408","1","Official statistics"
"409","1","Official statistics"
"410","1","Official statistics"
"411","1","Official statistics"
"412","1","Official statistics"
"413","1","Official statistics"
"414","1","Official statistics"
"415","1","Official statistics"
"416","1","Official statistics"
"417","1","Official statistics"
"418","1","Official statistics"
"419","1","Official statistics"
"420","1","Official statistics"
"421","1","Official statistics"
"422","1","Official statistics"
"423","1","Official statistics"
"424","1","Official statistics"
"425","1","Official statistics"
"426","1","Survey|0/Official statistics"
"427","1","Official statistics"
"428","1","Official statistics"
"429","1","Official statistics"
"430","1","Official statistics"
"431","1","Official statistics"
"432","1","Official statistics"
"433","1","Official statistics"
"434","1","Official statistics"
"435","1","Official statistics"
"436","1","Official statistics"
"437","1","Official statistics"
"438","1","Official statistics"
"439","1","Official statistics"
"440","1","Survey|0/Official statistics"
"441","1","Survey|0/Official statistics"
"442","1","Official statistics"
"443","1","Official statistics"
"444","1","Official statistics"
"445","1","Official statistics"
"446","1","Official statistics"
"447","1","Official statistics"
"448","1","Official statistics"
"449","1","Official statistics"
"450","1","Official statistics"
"451","1","Official statistics"
"452","1","Official statistics"
"453","1","Official statistics"
"454","1","Official statistics"
"455","1","Official statistics"
"456","1","Official statistics"
"457","1","Official statistics"
"458","1","Official statistics"
"459","1","Official statistics"
"460","1","Official statistics"
"461","1","Official statistics"
"462","1","Audit"
"463","1","Audit"
"464","1","Audit"
"465","1","Audit"
"466","1","Audit"
"467","1","Audit"
"468","1","Audit"
"469","1","Audit"
"470","1","Audit"
"471","1","Audit"
"472","1","Audit"
"473","1","Audit"
"474","1","Audit"
"475","1","Audit"
"476","1","Audit"
"477","1","Audit"
"478","1","Audit"
"479","1","Audit"
"480","1","Audit"
"481","1","Audit"
"482","1","Audit"
"483","1","Audit"
"484","1","Audit"
"485","1","Audit"
"486","1","Audit"
"487","1","Audit"
"488","1","Audit"
"489","1","Audit"
"490","1","Audit"
"491","1","Audit"
"492","1","Audit"
"493","1","Audit"
"494","1","Audit"
"495","1","Audit"
"496","1","Audit"
"497","1","Audit"
"498","1","Audit"
"499","1","Audit"
"500","1","Audit"
"501","1","Audit"
"502","1","Audit"
"503","1","Audit"
"504","1","Audit"
"505","1","Audit"
"506","1","Audit"
"507","1","Audit"
"508","1","Audit"
"509","1","Audit"
"510","1","Audit"
"511","1","Audit"
"512","1","Audit"
"513","1","Audit"
"514","1","Official statistics"
"515","1","Audit"
"516","1","Audit"
"517","1","Audit"
"518","1","Audit"
"519","1","Audit"
"520","1","Audit"
"521","1","Official statistics"
"522","1","Audit"
"523","1","Official statistics"
"524","1","Audit"
"525","1","Audit"
"526","1","Official statistics"
"527","1","Official statistics"
"528","1","Official statistics"
"529","1","Survey|0/Official statistics"
"530","1","Official statistics"
"531","1","Official statistics"
"532","1","Official statistics"
"533","1","Official statistics"
"534","1","Official statistics"
"535","1","Official statistics"
"536","1","Official statistics"
"537","1","Official statistics"
"538","1","Survey|0/Official statistics"
"539","1","Official statistics"
"540","1","Official statistics"
"541","1","Official statistics"
"542","1","Official statistics"
"543","1","Official statistics"
"544","1","Official statistics"
"545","1","Official statistics"
"546","1","Official statistics"
"547","1","Official statistics"
"548","1","Survey|0/Official statistics"
"549","1","Official statistics"
"550","1","Official statistics"
"551","1","Official statistics"
"552","1","Official statistics"
"553","1","Official statistics"
"554","1","Official statistics"
"555","1","Official statistics"
"556","1","Official statistics"
"557","1","Official statistics"
"558","1","Other reports and statistics"
"559","1","Official statistics"
"560","1","Official statistics"
"561","1","Official statistics"
"562","1","Official statistics"
"563","1","Official statistics"
"564","1","Official statistics"
"565","1","Official statistics"
"566","1","Official statistics"
"567","1","Official statistics"
"568","1","Official statistics"
"569","1","Official statistics"
"570","1","Official statistics"
"571","1","Official statistics"
"572","1","Official statistics"
"573","1","Official statistics"
"574","1","Official statistics"
"575","1","Official statistics"
"576","1","Official statistics"
"577","1","Official statistics"
"578","1","Official statistics"
"579","1","Official statistics"
"580","1","Official statistics"
"581","1","Official statistics"
"582","1","Official statistics"
"583","1","Audit"
"584","1","Official statistics"
"585","1","Official statistics"
"586","1","Official statistics"
"587","1","Official statistics"
"588","1","Official statistics"
"589","1","Official statistics"
"590","1","Official statistics"
"591","1","Official statistics"
"592","1","Official statistics"
"593","1","Official statistics"
"594","1","Official statistics"
"595","1","Official statistics"
"596","1","Official statistics"
"597","1","Official statistics"
"598","1","Official statistics"
"599","1","Official statistics"
"600","1","Official statistics"
"601","1","Official statistics"
"602","1","Official statistics"
"603","1","Official statistics"
"604","1","Official statistics"
"605","1","Official statistics"
"606","1","Official statistics"
"607","1","Official statistics"
"608","1","Official statistics"
"609","1","Official statistics"
"610","1","Official statistics"
"611","1","Official statistics"
"612","1","Official statistics"
"613","1","Official statistics"
"614","1","Official statistics"
"615","1","Official statistics"
"616","1","Official statistics"
"617","1","Official statistics"
"618","1","Official statistics"
"619","1","Official statistics"
"620","1","Official statistics"
"621","1","Official statistics"
"622","1","Official statistics"
"623","1","Official statistics"
"624","1","Official statistics"
"625","1","Official statistics"
"626","1","Official statistics"
"627","1","Official statistics"
"628","1","Official statistics"
"629","1","Official statistics"
"630","1","Official statistics"
"631","1","Official statistics"
"632","1","Official statistics"
"633","1","Survey|0/Official statistics"
"634","1","Official statistics"
"635","1","Official statistics"
"636","1","Official statistics"
"637","1","Official statistics"
"638","1","Official statistics"
"639","1","Official statistics"
"640","1","Official statistics"
"641","1","Official statistics"
"642","1","Official statistics"
"643","1","Official statistics"
"644","1","Official statistics"
"645","1","Official statistics"
"646","1","Official statistics"
"647","1","Official statistics"
"648","1","Official statistics"
"649","1","Official statistics"
"650","1","Official statistics"
"651","1","Official statistics"
"652","1","Official statistics"
"653","1","Official statistics"
"654","1","Official statistics"
"655","1","Official statistics"
"656","1","Official statistics"
"657","1","Official statistics"
"658","1","Official statistics"
"659","1","Official statistics"
"660","1","Official statistics"
"661","1","Official statistics"
"662","1","Official statistics"
"663","1","Official statistics"
"664","1","Official statistics"
"665","1","Official statistics"
"666","1","Official statistics"
"667","1","Official statistics"
"668","1","Official statistics"
"669","1","Official statistics"
"670","1","Official statistics"
"671","1","Official statistics"
"672","1","Official statistics"
"673","1","Official statistics"
"674","1","Official statistics"
"675","1","Official statistics"
"676","1","Official statistics"
"677","1","Official statistics"
"678","1","Official statistics"
"679","1","Official statistics"
"680","1","Other reports and statistics"
"681","1","Survey|0/Other reports and statistics"
"682","1","Official statistics"
"683","1","Survey"
"684","1","Survey"
"685","1","Survey"
"686","1","Official statistics"
"687","1","Official statistics"
"688","1","Official statistics"
"689","1","Official statistics"
"690","1","Official statistics"
"691","1","Official statistics"
"692","1","Official statistics"
"693","1","Official statistics"
"694","1","Official statistics"
"695","1","Official statistics"
"696","1","Official statistics"
"697","1","Official statistics"
"698","1","Official statistics"
"699","1","Official statistics"
"700","1","Official statistics"
"701","1","Official statistics"
"702","1","Official statistics"
"703","1","Official statistics"
"704","1","Official statistics"
"705","1","Official statistics"
"706","1","Official statistics"
"707","1","Survey|0/Official statistics"
"708","1","Official statistics"
"709","1","Audit"
"710","1","Official statistics"
"711","1","Official statistics"
"712","1","Official statistics"
"713","1","Official statistics"
"714","1","Official statistics"
"715","1","Official statistics"
"716","1","Official statistics"
"717","1","Audit"
"718","1","Audit"
"719","1","Audit"
"720","1","Audit"
"721","1","Audit"
"722","1","Audit"
"723","1","Audit"
"724","1","Audit"
"725","1","Audit"
"726","1","Audit"
"727","1","Audit"
"728","1","Audit|0/Official statistics"
"729","1","Audit|0/Official statistics"
"730","1","Audit"
"731","1","Audit"
"732","1","Audit"
"733","1","Audit|0/Open data"
"734","1","Audit"
"735","1","Audit"
"736","1","Other reports and statistics"
"737","1","Other reports and statistics"
"738","1","Other reports and statistics"
"739","1","Other reports and statistics"
"740","1","Other reports and statistics"
"741","1","Other reports and statistics"
"742","1","Other reports and statistics"
"743","1","Other reports and statistics"
"744","1","Other reports and statistics"
"745","1","Other reports and statistics"
"746","1","Other reports and statistics"
"747","1","Other reports and statistics"
"748","1","Other reports and statistics"
"749","1","Other reports and statistics"
"750","1","Other reports and statistics"
"751","1","Other reports and statistics"
"752","1","Other reports and statistics"
"753","1","Other reports and statistics"
"754","1","Other reports and statistics"
"755","1","Other reports and statistics"
"756","1","Other reports and statistics"
"757","1","Other reports and statistics"
"758","1","Other reports and statistics"
"759","1","Other reports and statistics"
"760","1","Other reports and statistics"
"761","1","Other reports and statistics"
"762","1","Audit"
"763","1","Audit"
"764","1","Audit"
"765","1","Audit"
"766","1","Audit|0/Official statistics"
"767","1","Official statistics|0/Other reports and statistics"
"768","1","Audit|0/Other reports and statistics"
"769","1","Other reports and statistics"
"770","1","Other reports and statistics"
"771","1","Other reports and statistics"
"772","1","Audit|0/Official statistics|0/Other reports and statistics"
"773","1","Audit|0/Official statistics|0/Other reports and statistics"
"774","1","Audit|0/Other reports and statistics"
"775","1","Audit|0/Official statistics|0/Other reports and statistics"
"776","1","Audit|0/Other reports and statistics"
"777","1","Audit|0/Official statistics|0/Other reports and statistics"
"778","1","Official statistics|0/Other reports and statistics"
"779","1","Audit|0/Official statistics|0/Other reports and statistics"
"780","1","Audit|0/Official statistics|0/Other reports and statistics"
"781","1","Official statistics|0/Other reports and statistics"
"782","1","Audit|0/Other reports and statistics"
"783","1","Audit|0/Other reports and statistics"
"784","1","Audit|0/Other reports and statistics"
"785","1","Audit|0/Other reports and statistics"
"786","1","Audit|0/Other reports and statistics"
"787","1","Audit|0/Other reports and statistics"
"788","1","Audit|0/Other reports and statistics"
"789","1","Audit|0/Other reports and statistics"
"790","1","Audit|0/Other reports and statistics"
"791","1","Audit|0/Other reports and statistics"
"792","1","Other reports and statistics"
"793","1","Other reports and statistics"
"794","1","Other reports and statistics"
"795","1","Other reports and statistics"
"796","1","Audit"
"797","1","Official statistics"
"798","1","Audit|0/Open data"
"799","1","Audit|0/Open data"
"800","1","Audit|0/Open data"
"801","1","Official statistics"
"802","1","Official statistics"
"803","1","Official statistics"
"804","1","Official statistics"
"805","1","Official statistics"
"806","1","Official statistics"
"807","1","Official statistics"
"808","1","Official statistics"
"809","1","Official statistics"
"810","1","Official statistics"
"811","1","Official statistics"
"812","1","Official statistics"
"813","1","Official statistics"
"814","1","Official statistics"
"815","1","Official statistics"
"816","1","Survey|0/Official statistics"
"817","1","Official statistics"
"818","1","Official statistics"
"819","1","Official statistics"
"820","1","Official statistics"
"821","1","Audit"
"822","1","Audit"
"823","1","Audit"
"824","1","Audit"
"825","1","Audit"
"826","1","Audit"
"827","1","Audit"
"828","1","Audit"
"829","1","Audit"
"830","1","Audit"
"831","1","Official statistics"
"832","1","Official statistics"
"833","1","Official statistics"
"834","1","Official statistics"
"835","1","Official statistics"
"836","1","Official statistics"
"837","1","Official statistics"
"838","1","Official statistics"
"839","1","Official statistics"
"840","1","Audit"
"841","1","Official statistics"
"842","1","Official statistics"
"843","1","Official statistics"
"844","1","Official statistics"
"845","1","Official statistics"
"846","1","Official statistics"
"847","1","Survey|0/Official statistics"
"848","1","Official statistics"
"849","1","Other reports and statistics"
"850","1","Official statistics"
"851","1","Official statistics"
"852","1","Official statistics"
"853","1","Official statistics"
"854","1","Official statistics"
"855","1","Official statistics"
"856","1","Official statistics"
"857","1","Official statistics"
"858","1","Open data"
"859","1","Open data"
"860","1","Open data"
"861","1","Open data"
"862","1","Open data"
"863","1","Open data"
"864","1","Open data"
"865","1","Open data"
"866","1","Open data"
"867","1","Open data"
"868","1","Open data"
"869","1","Open data"
"870","1","Open data"
"871","1","Open data"
"872","1","Open data"
"873","1","Official statistics"
"874","1","Official statistics"
"875","1","Official statistics"
"876","1","Official statistics"
"877","1","Official statistics"
"878","1","Official statistics"
"879","1","Official statistics"
"880","1","Official statistics"
"881","1","Other reports and statistics"
"882","1","Official statistics"
"883","1","Official statistics"
"884","1","Official statistics"
"885","1","Official statistics"
"886","1","Official statistics"
"887","1","Official statistics"
"888","1","Official statistics"
"889","1","Official statistics"
"890","1","Official statistics"
"891","1","Official statistics"
"892","1","Official statistics"
"893","1","Official statistics"
"894","1","Official statistics"
"895","1","Survey|0/Official statistics"
"896","1","Audit|0/Official statistics"
"897","1","Official statistics"
"898","1","Audit"
"899","1","Official statistics"
"900","1","Official statistics"
"901","1","Official statistics"
"902","1","Other reports and statistics"
"903","1","Other reports and statistics"
"904","1","Official statistics"
"905","1","Official statistics"
"906","1","Official statistics"
"907","1","Official statistics"
"908","1","Official statistics"
"909","1","Official statistics"
"910","1","Official statistics"
"911","1","Official statistics"
"912","1","Official statistics"
"913","1","Official statistics"
"914","1","Official statistics"
"915","1","Official statistics"
"916","1","Other reports and statistics"
"917","1","Official statistics"
"918","1","Other reports and statistics"
"919","1","Other reports and statistics"
"920","1","Other reports and statistics"
"921","1","Official statistics"
"922","1","Official statistics"
"923","1","Official statistics"
"924","1","Official statistics"
"925","1","Official statistics"
"926","1","Official statistics"
"927","1","Official statistics"
"928","1","Survey|0/Official statistics"
"929","1","Official statistics"
"930","1","Official statistics"
"931","1","Official statistics"
"932","1","Official statistics"
"933","1","Open data"
"934","1","Official statistics"
"935","1","Open data"
"936","1","Open data"
"937","1","Open data"
"938","1","Open data"
"939","1","Open data"
"940","1","Open data"
"941","1","Open data"
"942","1","Official statistics"
"943","1","Open data"
"944","1","Open data"
"945","1","Open data"
"946","1","Open data"
"947","1","Open data"
"948","1","Official statistics"
"949","1","Official statistics"
"950","1","Official statistics"
"951","1","Official statistics"
"952","1","Official statistics"
"953","1",""
"954","1","Official statistics"
"955","1","Audit"
"956","1","Official statistics"
"957","1","Official statistics"
"958","1","Official statistics"
"959","1","Official statistics"
"960","1","Official statistics"
"961","1","Official statistics"
"962","1","Official statistics"
"963","1","Open data"
"964","1","Open data"
"965","1","Open data"
"966","1","Open data"
"967","1","Open data"
"968","1","Open data"
"969","1","Open data"
"970","1","Open data"
"971","1","Official statistics"
"972","1","Open data"
"973","1","Open data"
"974","1","Open data"
"975","1","Open data"
"976","1","Open data"
"977","1","Open data"
"978","1","Open data"
"979","1","Open data"
"980","1","Open data"
"981","1","Open data"
"982","1","Other reports and statistics"
"983","1","Open data"
"984","1","Open data"
"985","1","Open data"
"986","1","Open data"
"987","1","Official statistics"
"988","1","Open data"
"989","1","Open data"
"990","1","Official statistics"
"991","1","Other reports and statistics"
"992","1","Survey|0/Official statistics"
"993","1","Survey|0/Official statistics"
"994","1",""
"995","1","Audit"
"996","1",""
"997","1","Official statistics"
"998","1","Official statistics"
"999","1","Official statistics"
"1000","1","Official statistics"
"1001","1","Official statistics"
"1002","1","Open data"
"1003","1","Open data"
"1004","1","Other reports and statistics"
"1005","1","Official statistics"
"1006","1","Official statistics"
"1007","1","Official statistics"
"1008","1","Official statistics"
"1009","1","Audit|0/Open data"
"1010","1","Audit"
"1011","1","Official statistics"
"1012","1","Official statistics"
"1013","1","Official statistics"
"1014","1","Official statistics"
"1015","1","Official statistics"
"1016","1","Official statistics"
"1017","1","Other reports and statistics"
"1018","1","Official statistics"
"1019","1","Official statistics"
"1020","1",""
"1021","1","Other reports and statistics"
"1022","1","Official statistics"
"1023","1","Official statistics"
"1024","1","Other reports and statistics"
"1025","1","Other reports and statistics"
"1026","1","Other reports and statistics"
"1027","1","Other reports and statistics"
"1028","1","Other reports and statistics"
"1029","1","Other reports and statistics"
"1030","1","Other reports and statistics"
"1031","1","Other reports and statistics"
"1032","1","Other reports and statistics"
"1033","1","Other reports and statistics"
"1034","1","Other reports and statistics"
"1035","1","Other reports and statistics"
"1036","1","Open data"
"1037","1","Open data"
"1038","1","Official statistics"
"1039","1",""
"1040","1","Open data"
"1041","1","Open data"
"1042","1","Audit"
"1043","1","Audit"
"1044","1","Audit"
"1045","1","Other reports and statistics"
"1046","1","Other reports and statistics"
"1047","1","Other reports and statistics"
"1048","1","Other reports and statistics"
"1049","1","Other reports and statistics"
"1050","1","Official statistics"
"1051","1","Official statistics"
"1052","1","Official statistics|0/Other reports and statistics"
"1053","1","Official statistics"
"1054","1","Official statistics"
"1055","1","Official statistics"
"1056","1","Official statistics"
"1057","1","Official statistics"
"1058","1","Official statistics"
"1059","1","Open data"
"1060","1","Open data"
"1061","1","Official statistics"
"1062","1","Official statistics"
"1063","1","Official statistics"
"1064","1","Official statistics"
"1065","1","Official statistics"
"1066","1","Other reports and statistics"
"1067","1","Official statistics"
"1068","1","Official statistics"
"1069","1","Official statistics"
"1070","1","Official statistics"
"1071","1","Official statistics"
"1072","1",""
"1073","1","Official statistics"
"1074","1","Audit|0/Other reports and statistics"
"1075","1","Official statistics"
"1076","1","Audit|0/Other reports and statistics"
"1077","1","Other reports and statistics"
"1078","1","Other reports and statistics"
"1079","1","Official statistics"
"1080","1","Official statistics"
"1081","1",""
"1082","1","Other reports and statistics"
"1083","1","Audit"
"1084","1","Audit"
"1085","1",""
"1086","1","Official statistics"
"1087","1","Official statistics"
"1088","1","Audit"
"1089","1","Official statistics"
"1090","1","Official statistics"
"1091","1","Official statistics"
"1092","1","Official statistics"
"1093","1","Official statistics"
"1094","1","Other reports and statistics"
"1095","1",""
"1096","1","Other reports and statistics"
"1097","1","Official statistics"
"1098","1","Official statistics"
"1099","1","Official statistics"
"1100","1","Official statistics"
"1101","1","Official statistics"
"1102","1","Official statistics"
"1103","1","Official statistics"
"1104","1","Official statistics"
"1105","1","Other reports and statistics"
"1106","1","Open data"
"1107","1","Official statistics"
"1108","1","Official statistics"
"1109","1","Other reports and statistics"
"1110","1","Other reports and statistics"
"1111","1","Official statistics"
"1112","1","Official statistics"
"1113","1","Official statistics"
"1114","1","Official statistics"
"1115","1","Official statistics"
"1116","1","Official statistics"
"1117","1","Other reports and statistics"
"1118","1","Official statistics"
"1119","1","Open data"
"1120","1","Official statistics"
"1121","1","Open data"
"1122","1","Official statistics"
"1123","1","Survey"
"1124","1","Official statistics"
"1125","1","Official statistics"
"1126","1","Official statistics"
"1127","1","Official statistics"
"1128","1",""
"1129","1","Other reports and statistics"
"1130","1","Other reports and statistics"
"1131","1","Audit"
"1132","1",""
"1133","1","Official statistics"
"1134","1","Official statistics"
"1135","1","Official statistics"
"1136","1","Official statistics"
"1137","1","Official statistics"
"1138","1","Audit"
"1139","1","Official statistics"
"1140","1","Official statistics"
"1141","1",""
"1142","1","Audit"
"1143","1","Open data"
"1144","1","Official statistics"
"1145","1","Official statistics"
"1146","1","Open data"
"1147","1","Official statistics"
"1148","1","Other reports and statistics"
"1149","1","Other reports and statistics"
"1150","1","Official statistics"
"1151","1","Survey"
"1152","1","Official statistics"
"1153","1","Official statistics"
"1154","1","Official statistics"
"1155","1",""
"1156","1","Survey"
"1157","1","Official statistics"
"1158","1","Official statistics"
"1159","1","Open data"
"1160","1","Official statistics"
"1161","1","Official statistics"
"1162","1","Survey|0/Official statistics"
"1163","1","Official statistics"
"1164","1","Official statistics"
"1165","1","Official statistics"
"1166","1","Official statistics"
"1167","1","Other reports and statistics"
"1168","1","Other reports and statistics"
"1169","1","Official statistics"
"1170","1",""
"1171","1","Official statistics"
"1172","1","Official statistics"
"1173","1","Official statistics"
"1174","1","Official statistics"
"1175","1","Official statistics"
"1176","1","Official statistics"
"1177","1","Official statistics"
"1178","1","Official statistics"
"1179","1","Official statistics"
"1180","1","Open data"
"1181","1","Official statistics"
"1182","1","Open data"
"1183","1","Audit|0/Open data"
"1184","1",""
"1185","1","Audit|0/Open data"
"1186","1","Audit|0/Open data"
"1187","1","Official statistics"
"1188","1",""
"1189","1","Official statistics"
"1190","1","Official statistics"
"1191","1","Official statistics"
"1192","1","Official statistics"
"1193","1","Official statistics"
"1194","1",""
"1195","1","Official statistics"
"1196","1",""
"1197","1","Other reports and statistics"
"1198","1","Other reports and statistics"
"1199","1",""
"1200","1","Official statistics"
"1201","1",""
"1202","1","Official statistics"
"1203","1","Official statistics"
"1204","1","Official statistics"
"1205","1","Open data"
"1206","1","Other reports and statistics"
"1207","1","Other reports and statistics"
"1208","1","Official statistics"
"1209","1","Official statistics"
"1210","1","Official statistics"
"1211","1",""
"1212","1","Official statistics"
"1213","1","Official statistics"
"1214","1","Official statistics"
"1215","1","Official statistics"
"1216","1","Official statistics"
"1217","1","Other reports and statistics"
"1218","1","Other reports and statistics"
"1219","1","Official statistics"
"1220","1","Open data"
"1221","1","Official statistics"
"1222","1","Official statistics"
"1223","1","Official statistics"
"1224","1","Official statistics"
"1225","1","Official statistics"
"1226","1","Official statistics"
"1227","1","Official statistics"
"1228","1","Official statistics"
"1229","1","Official statistics"
"1230","1","Official statistics"
"1231","1","Official statistics"
"1232","1","Official statistics"
"1233","1","Open data"
"1234","1","Audit"
"1235","1","Audit"
"1236","1","Official statistics"
"1237","1","Official statistics"
"1238","1","Audit"
"1239","1","Audit"
"1240","1","Audit"
"1241","1","Audit"
"1242","1","Audit"
"1243","1","Official statistics"
"1244","1","Audit"
"1245","1","Official statistics"
"1246","1","Official statistics"
"1247","1","Official statistics"
"1248","1","Official statistics"
"1249","1",""
"1250","1","Other reports and statistics"
"1251","1","Other reports and statistics"
"1252","1","Official statistics"
"1253","1","Official statistics"
"1254","1","Other reports and statistics"
"1255","1","Survey|0/Official statistics"
"1256","1","Survey|0/Official statistics"
"1257","1","Official statistics"
"1258","1","Official statistics"
"1259","1","Official statistics"
"1260","1","Official statistics"
"1261","1","Official statistics"
"1262","1","Official statistics"
"1263","1","Official statistics"
"1264","1","Official statistics"
"1265","1","Official statistics"
"1266","1","Audit"
"1267","1","Audit"
"1268","1","Audit"
"1269","1","Audit"
"1270","1","Audit"
"1271","1","Audit"
"1272","1","Audit"
"1273","1","Audit"
"1274","1","Official statistics"
"1275","1","Official statistics"
"1276","1","Official statistics"
"1277","1","Official statistics"
"1278","1","Official statistics"
"1279","1","Open data"
"1280","1","Official statistics"
"1281","1","Official statistics"
"1282","1","Official statistics"
"1283","1","Official statistics"
"1284","1","Official statistics"
"1285","1",""
"1286","1","Official statistics"
"1287","1","Official statistics"
"1288","1",""
"1289","1",""
"1290","1","Other reports and statistics"
"1291","1","Official statistics"
"1292","1","Official statistics"
"1293","1","Official statistics"
"1294","1","Official statistics"
"1295","1","Official statistics"
"1296","1","Official statistics"
"1297","1","Official statistics"
"1298","1","Official statistics"
"1299","1","Survey|0/Official statistics"
"1300","1","Official statistics"
"1301","1","Official statistics"
"1302","1","Survey|0/Official statistics"
"1303","1","Survey|0/Official statistics"
"1304","1","Official statistics"
"1305","1","Official statistics"
"1306","1","Official statistics"
"1307","1","Open data"
"1308","1","Official statistics"
"1309","1","Official statistics"
"1310","1","Official statistics"
"1311","1","Official statistics"
"1312","1","Audit"
"1313","1","Official statistics"
"1314","1","Official statistics"
"1315","1","Official statistics"
"1316","1","Official statistics"
"1317","1","Official statistics|0/Open data"
"1318","1","Official statistics"
"1319","1","Official statistics"
"1320","1","Official statistics"
"1321","1","Official statistics"
"1322","1","Official statistics"
"1323","1","Official statistics"
"1324","1","Official statistics"
"1325","1","Official statistics"
"1326","1","Official statistics"
"1327","1","Open data"
"1328","1","Official statistics"
"1329","1","Official statistics"
"1330","1","Official statistics"
"1331","1","Official statistics"
"1332","1",""
"1333","1","Other reports and statistics"
"1334","1","Official statistics"
"1335","1","Official statistics"
"1336","1","Official statistics"
"1337","1","Official statistics"
"1338","1",""
"1339","1","Official statistics"
"1340","1","Official statistics"
"1341","1","Official statistics"
"1342","1","Official statistics"
"1343","1","Audit"
"1344","1","Official statistics"
"1345","1","Official statistics"
"1346","1","Official statistics"
"1347","1","Official statistics"
"1348","1","Official statistics"
"1349","1","Official statistics"
"1350","1","Open data"
"1351","1","Official statistics"
"1352","1","Audit"
"1353","1","Official statistics"
"1354","1","Official statistics"
"1355","1","Official statistics"
"1356","1",""
"1357","1","Official statistics"
"1358","1","Official statistics"
"1359","1","Official statistics"
"1360","1","Official statistics"
"1361","1","Official statistics"
"1362","1","Official statistics"
"1363","1","Official statistics"
"1364","1","Official statistics"
"1365","1","Official statistics"
"1366","1","Official statistics"
"1367","1","Official statistics"
"1368","1","Other reports and statistics"
"1369","1","Official statistics"
"1370","1","Official statistics"
"1371","1","Official statistics"
"1372","1","Official statistics"
"1373","1","Other reports and statistics"
"1374","1","Open data"
"1375","1",""
"1376","1","Official statistics"
"1377","1","Official statistics"
"1378","1","Official statistics"
"1379","1","Official statistics"
"1380","1","Official statistics"
"1381","1","Official statistics"
"1382","1","Official statistics"
"1383","1","Official statistics|0/Open data"
"1384","1","Official statistics"
"1385","1","Official statistics"
"1386","1","Official statistics"
"1387","1","Official statistics"
"1388","1","Official statistics"
"1389","1","Official statistics"
"1390","1","Official statistics"
"1391","1","Official statistics"
"1392","1","Official statistics"
"1393","1","Official statistics"
"1394","1","Official statistics"
"1395","1","Official statistics"
"1396","1","Official statistics"
"1397","1",""
"1398","1","Open data"
"1399","1","Official statistics"
"1400","1","Official statistics"
"1401","1","Official statistics"
"1402","1","Official statistics"
"1403","1",""
"1404","1","Official statistics"
"1405","1","Official statistics"
"1406","1","Official statistics"
"1407","1","Official statistics"
"1408","1","Official statistics"
"1409","1","Official statistics"
"1410","1","Official statistics"
"1411","1","Official statistics"
"1412","1","Open data"
"1413","1","Official statistics"
"1414","1","Official statistics"
"1415","1","Official statistics"
"1416","1","Official statistics"
"1417","1","Audit|0/Survey"
"1418","1","Official statistics"
"1419","1","Official statistics"
"1420","1","Audit"
"1421","1","Official statistics"
"1422","1","Official statistics"
"1423","1",""
"1424","1","Official statistics"
"1425","1","Official statistics"
"1426","1","Official statistics"
"1427","1","Official statistics"
"1428","1","Official statistics"
"1429","1","Official statistics"
"1430","1","Official statistics"
"1431","1","Official statistics"
"1432","1","Official statistics"
"1433","1","Official statistics"
"1434","1","Official statistics"
"1435","1","Audit|0/Open data"
"1436","1","Open data"
"1437","1","Official statistics"
"1438","1","Survey|0/Official statistics"
"1439","1","Official statistics"
"1440","1","Official statistics"
"1441","1","Official statistics"
"1442","1","Official statistics"
"1443","1","Official statistics"
"1444","1","Official statistics"
"1445","1","Official statistics"
"1446","1","Official statistics"
"1447","1","Official statistics"
"1448","1","Official statistics|0/Open data"
"1449","1","Official statistics"
"1450","1","Open data"
"1451","1","Official statistics"
"1452","1","Official statistics"
"1453","1","Official statistics"
"1454","1","Official statistics"
"1455","1","Official statistics"
"1456","1","Official statistics"
"1457","1","Survey"
"1458","1","Official statistics"
"1459","1","Official statistics"
"1460","1","Official statistics"
"1461","1","Official statistics"
"1462","1","Official statistics"
"1463","1","Official statistics"
"1464","1","Official statistics"
"1465","1","Official statistics"
"1466","1","Official statistics"
"1467","1","Official statistics"
"1468","1","Official statistics"
"1469","1","Official statistics"
"1470","1","Official statistics"
"1471","1","Official statistics"
"1472","1","Official statistics"
"1473","1","Official statistics"
"1474","1","Official statistics"
"1475","1","Official statistics"
"1476","1","Official statistics"
"1477","1","Official statistics"
"1478","1","Official statistics"
"1479","1","Official statistics"
"1480","1","Open data"
"1481","1",""
"1482","1","Official statistics"
"1483","1","Audit|0/Open data"
"1484","1","Official statistics"
"1485","1","Official statistics"
"1486","1","Official statistics"
"1487","1","Official statistics"
"1488","1","Official statistics"
"1489","1","Official statistics"
"1490","1","Official statistics"
"1491","1",""
"1492","1","Official statistics"
"1493","1","Audit"
"1494","1","Official statistics"
"1495","1","Official statistics"
"1496","1","Official statistics"
"1497","1","Official statistics"
"1498","1","Official statistics"
"1499","1",""
"1500","1","Official statistics"
"1501","1","Official statistics"
"1502","1","Official statistics"
"1503","1","Other reports and statistics"
"1504","1","Official statistics"
"1505","1","Official statistics"
"1506","1","Official statistics"
"1507","1","Official statistics"
"1508","1","Audit"
"1509","1","Audit"
"1510","1","Audit"
"1511","1","Audit"
"1512","1","Audit"
"1513","1","Audit"
"1514","1","Audit"
"1515","1","Audit"
"1516","1","Official statistics"
"1517","1","Official statistics"
"1518","1","Official statistics"
"1519","1","Official statistics"
"1520","1","Official statistics"
"1521","1","Official statistics"
"1522","1","Open data"
"1523","1","Official statistics"
"1524","1","Official statistics"
"1525","1","Audit|0/Other reports and statistics"
"1526","1","Official statistics"
"1527","1","Official statistics"
"1528","1","Official statistics"
"1529","1","Audit"
"1530","1","Official statistics"
"1531","1","Official statistics"
"1532","1","Open data"
"1533","1",""
"1534","1","Official statistics"
"1535","1","Official statistics"
"1536","1","Official statistics"
"1537","1","Official statistics"
"1538","1","Official statistics"
"1539","1","Official statistics"
"1540","1","Official statistics"
"1541","1","Official statistics"
"1542","1","Official statistics"
"1543","1","Official statistics"
"1544","1","Official statistics"
"1545","1","Official statistics"
"1546","1","Official statistics"
"1547","1","Open data"
"1548","1","Official statistics"
"1549","1","Official statistics"
"1550","1","Official statistics"
"1551","1","Official statistics"
"1552","1","Official statistics"
"1553","1","Official statistics"
"1554","1","Official statistics"
"1555","1","Official statistics"
"1556","1","Official statistics"
"1557","1","Official statistics"
"1558","1","Official statistics"
"1559","1","Official statistics"
"1560","1",""
"1561","1","Official statistics"
"1562","1","Official statistics"
"1563","1","Official statistics"
"1564","1","Official statistics"
"1565","1","Official statistics"
"1566","1","Official statistics"
"1567","1","Official statistics"
"1568","1","Official statistics"
"1569","1","Official statistics"
"1570","1",""
"1571","1","Audit"
"1572","1","Audit"
"1573","1","Audit"
"1574","1","Open data"
"1575","1","Official statistics"
"1576","1","Official statistics"
"1577","1","Official statistics"
"1578","1","Official statistics"
"1579","1","Survey|0/Official statistics"
"1580","1","Survey|0/Official statistics"
"1581","1","Official statistics"
"1582","1",""
"1583","1","Official statistics"
"1584","1","Official statistics"
"1585","1","Official statistics"
"1586","1","Official statistics"
"1587","1","Official statistics"
"1588","1","Official statistics"
"1589","1","Survey|0/Official statistics"
"1590","1","Official statistics"
"1591","1","Official statistics"
"1592","1",""
"1593","1","Official statistics"
"1594","1","Official statistics"
"1595","1","Official statistics"
"1596","1","Official statistics"
"1597","1",""
"1598","1","Official statistics"
"1599","1","Official statistics"
"1600","1","Official statistics"
"1601","1","Official statistics"
"1602","1","Official statistics"
"1603","1","Open data"
"1604","1","Official statistics"
"1605","1","Official statistics"
"1606","1","Official statistics"
"1607","1","Open data"
"1608","1","Official statistics"
"1609","1","Official statistics"
"1610","1","Official statistics"
"1611","1","Official statistics"
"1612","1","Official statistics"
"1613","1","Official statistics"
"1614","1","Official statistics"
"1615","1","Audit"
"1616","1","Audit"
"1617","1","Audit"
"1618","1","Audit"
"1619","1","Audit"
"1620","1","Audit"
"1621","1","Official statistics"
"1622","1","Official statistics"
"1623","1","Official statistics"
"1624","1","Official statistics"
"1625","1","Official statistics"
"1626","1","Audit|0/Open data"
"1627","1","Audit"
"1628","1","Official statistics"
"1629","1","Official statistics"
"1630","1","Official statistics"
"1631","1","Official statistics"
"1632","1","Official statistics"
"1633","1","Open data"
"1634","1","Official statistics"
"1635","1","Official statistics"
"1636","1","Official statistics"
"1637","1","Official statistics"
"1638","1","Official statistics"
"1639","1","Official statistics"
"1640","1","Official statistics"
"1641","1","Official statistics"
"1642","1",""
"1643","1","Official statistics"
"1644","1",""
"1645","1","Official statistics"
"1646","1","Official statistics"
"1647","1","Official statistics"
"1648","1","Official statistics"
"1649","1","Official statistics"
"1650","1","Audit"
"1651","1","Official statistics"
"1652","1","Official statistics"
"1653","1","Official statistics"
"1654","1","Official statistics"
"1655","1","Official statistics"
"1656","1","Official statistics"
"1657","1","Official statistics"
"1658","1","Official statistics"
"1659","1",""
"1660","1","Official statistics"
"1661","1","Official statistics"
"1662","1","Official statistics"
"1663","1","Official statistics"
"1664","1","Official statistics"
"1665","1","Official statistics"
"1666","1","Official statistics"
"1667","1","Official statistics"
"1668","1","Open data"
"1669","1","Official statistics"
"1670","1","Other reports and statistics"
"1671","1","Other reports and statistics"
"1672","1","Official statistics"
"1673","1","Official statistics"
"1674","1","Official statistics"
"1675","1",""
"1676","1","Official statistics"
"1677","1","Official statistics"
"1678","1","Official statistics"
"1679","1","Official statistics"
"1680","1","Official statistics"
"1681","1","Survey"
"1682","1","Official statistics"
"1683","1","Official statistics"
"1684","1","Official statistics"
"1685","1","Official statistics"
"1686","1","Official statistics"
"1687","1","Official statistics"
"1688","1","Official statistics"
"1689","1","Audit"
"1690","1","Official statistics"
"1691","1","Official statistics"
"1692","1","Official statistics"
"1693","1","Official statistics"
"1694","1","Open data"
"1695","1","Official statistics"
"1696","1","Official statistics"
"1697","1","Official statistics"
"1698","1","Official statistics"
"1699","1","Official statistics"
"1700","1","Official statistics"
"1701","1","Official statistics"
"1702","1","Official statistics"
"1703","1","Official statistics"
"1704","1","Official statistics"
"1705","1","Open data"
"1706","1","Official statistics"
"1707","1","Official statistics"
"1708","1","Official statistics"
"1709","1","Official statistics"
"1710","1","Official statistics"
"1711","1","Official statistics"
"1712","1","Official statistics"
"1713","1","Official statistics"
"1714","1","Official statistics"
"1715","1","Open data"
"1716","1","Official statistics"
"1717","1","Official statistics"
"1718","1","Official statistics"
"1719","1","Official statistics"
"1720","1","Official statistics"
"1721","1","Official statistics"
"1722","1","Official statistics"
"1723","1","Official statistics"
"1724","1","Official statistics"
"1725","1","Official statistics"
"1726","1","Official statistics"
"1727","1","Official statistics"
"1728","1","Official statistics"
"1729","1","Official statistics"
"1730","1","Official statistics"
"1731","1","Official statistics"
"1732","1","Official statistics"
"1733","1","Official statistics"
"1734","1","Open data"
"1735","1","Official statistics"
"1736","1","Official statistics"
"1737","1","Official statistics"
"1738","1","Official statistics"
"1739","1","Official statistics"
"1740","1","Official statistics"
"1741","1","Official statistics"
"1742","1","Official statistics"
"1743","1","Official statistics"
"1744","1","Official statistics"
"1745","1","Official statistics"
"1746","1","Official statistics"
"1747","1","Official statistics"
"1748","1","Official statistics"
"1749","1",""
"1750","1","Official statistics"
"1751","1","Official statistics"
"1752","1","Official statistics"
"1753","1","Open data"
"1754","1","Official statistics"
"1755","1","Official statistics"
"1756","1","Official statistics"
"1757","1","Audit"
"1758","1","Official statistics"
"1759","1","Official statistics"
"1760","1","Official statistics"
"1761","1","Official statistics"
"1762","1","Official statistics"
"1763","1","Official statistics"
"1764","1","Official statistics"
"1765","1","Official statistics"
"1766","1","Official statistics"
"1767","1","Official statistics"
"1768","1","Official statistics"
"1769","1","Official statistics"
"1770","1",""
"1771","1","Official statistics"
"1772","1","Open data"
"1773","1","Official statistics"
"1774","1","Official statistics"
"1775","1","Survey|0/Official statistics|0/Open data"
"1776","1","Official statistics"
"1777","1","Official statistics"
"1778","1","Official statistics"
"1779","1","Official statistics"
"1780","1","Official statistics"
"1781","1","Open data"
"1782","1",""
"1783","1","Open data"
"1784","1","Official statistics"
"1785","1","Survey|0/Official statistics"
"1786","1","Official statistics"
"1787","1","Official statistics"
"1788","1","Official statistics"
"1789","1","Official statistics"
"1790","1","Official statistics"
"1791","1",""
"1792","1","Official statistics"
"1793","1","Official statistics"
"1794","1","Official statistics"
"1795","1","Official statistics"
"1796","1","Official statistics"
"1797","1","Official statistics"
"1798","1","Official statistics"
"1799","1","Audit"
"1800","1","Official statistics"
"1801","1","Official statistics"
"1802","1","Official statistics"
"1803","1","Official statistics"
"1804","1","Official statistics"
"1805","1","Official statistics"
"1806","1","Official statistics"
"1807","1","Official statistics"
"1808","1","Official statistics"
"1809","1","Official statistics"
"1810","1","Open data"
"1811","1","Official statistics"
"1812","1","Official statistics"
"1813","1","Official statistics"
"1814","1","Official statistics"
"1815","1","Official statistics"
"1816","1",""
"1817","1",""
"1818","1","Official statistics"
"1819","1","Official statistics"
"1820","1","Official statistics"
"1821","1","Official statistics"
"1822","1",""
"1823","1","Official statistics"
"1824","1","Official statistics"
"1825","1","Official statistics"
"1826","1","Official statistics"
"1827","1","Official statistics"
"1828","1","Official statistics"
"1829","1",""
"1830","1","Official statistics"
"1831","1","Official statistics"
"1832","1","Official statistics"
"1833","1","Official statistics"
"1834","1","Official statistics"
"1835","1","Official statistics"
"1836","1","Official statistics"
"1837","1","Official statistics"
"1838","1","Official statistics"
"1839","1","Official statistics"
"1840","1","Official statistics"
"1841","1","Official statistics"
"1842","1","Official statistics"
"1843","1","Official statistics"
"1844","1","Official statistics"
"1845","1","Open data"
"1846","1","Official statistics"
"1847","1","Official statistics"
"1848","1","Official statistics"
"1849","1","Official statistics"
"1850","1","Official statistics"
"1851","1","Survey|0/Official statistics"
"1852","1","Official statistics"
"1853","1","Official statistics"
"1854","1","Official statistics"
"1855","1","Official statistics"
"1856","1","Official statistics"
"1857","1","Official statistics"
"1858","1","Official statistics"
"1859","1","Official statistics"
"1860","1","Official statistics"
"1861","1","Official statistics"
"1862","1","Official statistics"
"1863","1","Official statistics|0/Open data"
"1864","1","Official statistics"
"1865","1","Open data"
"1866","1","Official statistics"
"1867","1","Official statistics"
"1868","1","Official statistics"
"1869","1","Official statistics"
"1870","1","Official statistics"
"1871","1","Official statistics"
"1872","1","Official statistics"
"1873","1","Official statistics"
"1874","1","Official statistics"
"1875","1","Official statistics"
"1876","1","Official statistics"
"1877","1","Official statistics"
"1878","1",""
"1879","1","Official statistics"
"1880","1","Official statistics"
"1881","1","Official statistics"
"1882","1","Official statistics"
"1883","1","Official statistics"
"1884","1","Official statistics"
"1885","1","Official statistics"
"1886","1","Official statistics"
"1887","1","Official statistics"
"1888","1","Official statistics"
"1889","1","Official statistics"
"1890","1",""
"1891","1","Official statistics"
"1892","1","Audit"
"1893","1","Official statistics"
"1894","1","Official statistics"
"1895","1","Official statistics"
"1896","1","Official statistics"
"1897","1","Official statistics"
"1898","1","Official statistics"
"1899","1","Audit"
"1900","1","Official statistics"
"1901","1","Official statistics"
"1902","1","Official statistics"
"1903","1","Official statistics"
"1904","1","Official statistics"
"1905","1","Official statistics"
"1906","1","Official statistics"
"1907","1","Official statistics"
"1908","1",""
"1909","1","Official statistics"
"1910","1","Official statistics"
"1911","1","Official statistics"
"1912","1","Survey|0/Official statistics"
"1913","1","Official statistics"
"1914","1","Official statistics"
"1915","1","Official statistics"
"1916","1","Official statistics"
"1917","1","Open data"
"1918","1","Official statistics"
"1919","1","Official statistics"
"1920","1","Official statistics"
"1921","1","Survey|0/Official statistics"
"1922","1","Survey|0/Official statistics"
"1923","1","Official statistics"
"1924","1","Official statistics"
"1925","1","Audit"
"1926","1","Audit"
"1927","1","Audit"
"1928","1","Audit"
"1929","1","Audit"
"1930","1","Audit"
"1931","1",""
"1932","1","Official statistics"
"1933","1","Official statistics"
"1934","1","Audit"
"1935","1","Official statistics"
"1936","1","Official statistics"
"1937","1","Official statistics"
"1938","1","Official statistics"
"1939","1","Official statistics"
"1940","1","Official statistics"
"1941","1",""
"1942","1","Audit"
"1943","1","Official statistics"
"1944","1","Official statistics"
"1945","1","Official statistics"
"1946","1","Official statistics"
"1947","1","Open data"
"1948","1","Official statistics"
"1949","1","Official statistics"
"1950","1","Official statistics"
"1951","1","Official statistics"
"1952","1",""
"1953","1","Official statistics"
"1954","1","Official statistics"
"1955","1","Official statistics"
"1956","1","Official statistics"
"1957","1","Official statistics|0/Open data"
"1958","1","Official statistics"
"1959","1","Official statistics"
"1960","1","Official statistics"
"1961","1","Official statistics"
"1962","1","Official statistics"
"1963","1","Official statistics"
"1964","1","Official statistics"
"1965","1","Official statistics"
"1966","1","Official statistics"
"1967","1","Open data"
"1968","1","Official statistics"
"1969","1","Official statistics"
"1970","1",""
"1971","1","Official statistics"
"1972","1","Official statistics"
"1973","1","Official statistics"
"1974","1","Audit"
"1975","1","Official statistics"
"1976","1","Official statistics"
"1977","1","Official statistics"
"1978","1","Official statistics"
"1979","1","Official statistics"
"1980","1","Official statistics"
"1981","1",""
"1982","1","Official statistics"
"1983","1","Official statistics"
"1984","1","Official statistics"
"1985","1","Official statistics"
"1986","1","Official statistics"
"1987","1","Audit"
"1988","1","Official statistics"
"1989","1","Official statistics"
"1990","1","Official statistics"
"1991","1","Official statistics"
"1992","1","Official statistics"
"1993","1","Official statistics"
"1994","1","Official statistics"
"1995","1","Official statistics"
"1996","1","Official statistics"
"1997","1","Official statistics"
"1998","1","Open data"
"1999","1",""
"2000","1","Official statistics"
"2001","1","Open data"
"2002","1","Official statistics"
"2003","1","Official statistics"
"2004","1","Official statistics"
"2005","1","Official statistics"
"2006","1","Official statistics"
"2007","1","Audit"
"2008","1","Official statistics"
"2009","1","Official statistics"
"2010","1","Official statistics"
"2011","1","Official statistics"
"2012","1","Official statistics"
"2013","1","Official statistics"
"2014","1",""
"2015","1",""
"2016","1","Official statistics"
"2017","1","Official statistics"
"2018","1","Official statistics"
"2019","1","Official statistics"
"2020","1","Official statistics"
"2021","1","Official statistics"
"2022","1","Official statistics"
"2023","1","Official statistics"
"2024","1","Official statistics"
"2025","1","Official statistics"
"2026","1","Official statistics"
"2027","1","Official statistics"
"2028","1","Audit"
"2029","1",""
"2030","1","Audit"
"2031","1","Official statistics"
"2032","1","Official statistics"
"2033","1","Official statistics"
"2034","1","Official statistics"
"2035","1","Official statistics"
"2036","1","Official statistics|0/Open data"
"2037","1",""
"2038","1","Official statistics"
"2039","1","Official statistics"
"2040","1","Official statistics"
"2041","1","Official statistics"
"2042","1","Official statistics"
"2043","1",""
"2044","1","Official statistics"
"2045","1","Official statistics"
"2046","1","Official statistics"
"2047","1","Open data"
"2048","1","Official statistics"
"2049","1",""
"2050","1","Official statistics"
"2051","1","Official statistics"
"2052","1","Official statistics"
"2053","1","Official statistics"
"2054","1","Official statistics"
"2055","1",""
"2056","1","Official statistics"
"2057","1","Official statistics"
"2058","1","Official statistics"
"2059","1",""
"2060","1",""
"2061","1","Official statistics"
"2062","1","Official statistics"
"2063","1","Official statistics"
"2064","1",""
"2065","1","Official statistics"
"2066","1","Official statistics"
"2067","1","Official statistics"
"2068","1","Official statistics"
"2069","1","Official statistics"
"2070","1","Official statistics"
"2071","1","Official statistics"
"2072","1",""
"2073","1","Official statistics"
"2074","1",""
"2075","1","Official statistics"
"2076","1","Official statistics"
"2077","1","Official statistics"
"2078","1","Open data"
"2079","1",""
"2080","1","Official statistics"
"2081","1","Official statistics"
"2082","1","Official statistics"
"2083","1","Official statistics"
"2084","1","Official statistics"
"2085","1","Official statistics"
"2086","1","Official statistics"
"2087","1","Official statistics"
"2088","1",""
"2089","1","Official statistics"
"2090","1","Official statistics"
"2091","1",""
"2092","1","Official statistics"
"2093","1","Official statistics"
"2094","1","Official statistics"
"2095","1","Official statistics"
"2096","1","Official statistics"
"2097","1","Open data"
"2098","1","Official statistics"
"2099","1","Official statistics"
"2100","1","Official statistics"
"2101","1",""
"2102","1","Official statistics"
"2103","1","Official statistics"
"2104","1","Official statistics"
"2105","1","Official statistics"
"2106","1","Official statistics"
"2107","1",""
"2108","1","Official statistics"
"2109","1","Official statistics"
"2110","1","Official statistics"
"2111","1","Open data"
"2112","1","Official statistics"
"2113","1","Official statistics"
"2114","1","Official statistics"
"2115","1","Official statistics"
"2116","1",""
"2117","1",""
"2118","1","Official statistics"
"2119","1","Official statistics"
"2120","1","Official statistics"
"2121","1","Official statistics"
"2122","1","Official statistics"
"2123","1","Official statistics"
"2124","1","Official statistics"
"2125","1","Official statistics"
"2126","1","Official statistics"
"2127","1",""
"2128","1",""
"2129","1","Official statistics"
"2130","1","Official statistics"
"2131","1","Official statistics"
"2132","1","Official statistics"
"2133","1","Official statistics"
"2134","1","Official statistics"
"2135","1","Official statistics"
"2136","1",""
"2137","1","Official statistics"
"2138","1",""
"2139","1","Official statistics"
"2140","1","Official statistics"
"2141","1","Official statistics"
"2142","1","Official statistics"
"2143","1","Official statistics"
"2144","1",""
"2145","1","Open data"
"2146","1","Official statistics"
"2147","1","Official statistics"
"2148","1","Official statistics"
"2149","1","Official statistics"
"2150","1","Official statistics"
"2151","1","Official statistics"
"2152","1",""
"2153","1","Official statistics"
"2154","1","Official statistics"
"2155","1",""
"2156","1","Official statistics"
"2157","1","Official statistics"
"2158","1","Official statistics"
"2159","1","Audit"
"2160","1",""
"2161","1","Official statistics"
"2162","1",""
"2163","1","Official statistics"
"2164","1","Survey|0/Official statistics"
"2165","1","Official statistics"
"2166","1",""
"2167","1","Official statistics"
"2168","1",""
"2169","1","Official statistics"
"2170","1","Official statistics"
"2171","1","Open data"
"2172","1","Survey|0/Official statistics"
"2173","1","Official statistics"
"2174","1","Official statistics"
"2175","1","Official statistics"
"2176","1","Official statistics"
"2177","1",""
"2178","1","Official statistics"
"2179","1","Official statistics"
"2180","1","Official statistics"
"2181","1","Official statistics"
"2182","1",""
"2183","1",""
"2184","1","Official statistics"
"2185","1","Official statistics"
